iter	MultiClass
0	0.4485316215
1	0.3161108904
2	0.2575889594
